{
  "good": 5.840564341790874,
  "moderate": 4.414839640265172,
  "unclear": 8.0
}