{
  "good": 5.74468085106383,
  "moderate": 4.393708596368171,
  "unclear": 8.0
}