{
  "good": 5.496010638297873,
  "moderate": 3.2916403808957004,
  "unclear": 8.0
}