{
  "good": 5.827799011383508,
  "moderate": 4.7673580116227745
}