{
  "good": 5.02717410883274,
  "moderate": 4.0584375,
  "unclear": 8.0
}