{
  "good": 5.962958785562046,
  "moderate": 4.849517411806406
}