{
  "good": 4.583096503431767,
  "moderate": 3.678749999999999,
  "unclear": 8.0
}