{
  "good": 5.3395833333333345,
  "moderate": 4.224652777777778,
  "unclear": 8.0
}