{
  "good": 4.962568491079502,
  "moderate": 4.037855888401803
}