{
  "good": 5.953699131182539,
  "moderate": 4.849517411806406,
  "unclear": 8.0
}