{
  "good": 5.143271231005239,
  "moderate": 4.153963581768159,
  "unclear": 8.0
}