{
  "good": 5.594629271437783,
  "moderate": 4.433268858800774,
  "unclear": 8.0
}