{
  "good": 5.542402668253732,
  "moderate": 4.43126022913257,
  "unclear": 8.0
}