{
  "good": 5.635416666666667,
  "moderate": 4.523020833333334,
  "unclear": 8.0
}